1,195 W Oakland Ave,10.50,Salt Lake City,84115,21,Available
2,2530 S 500 E,17.00,Salt Lake City,84106,44,Available
3,233 Canyon Rd,17.00,Salt Lake City,84103,2,Available to 2 only
4,380 W 2880 S,17.00,Salt Lake City,84115,4,Available
5,410 S State St,17.00,Salt Lake City,84111,5,Available
6,3060 Lester St,10.50,West Valley City,84119,88,Unavailable
7,1330 2100 S,17.00,Salt Lake City,84106,8,Available
8,300 State St,17.00,Salt Lake City,84103,9,Available
9,300 State St,17.00,Salt Lake City,84103,2,Unavailable
10,600 E 900 South,17.00,Salt Lake City,84105,1,Available
11,2600 Taylorsville Blvd,17.00,Salt Lake City,84118,1,Available
12,3575 W Valley Central Station,17.00,West Valley City,84119,1,Available
13,2010 W 500 S,10.50,Salt Lake City,84104,2,Available
14,4300 S 1300 E,10.50,Millcreek,84117,88,Available
15,4580 S 2300 E,9.00,Holladay,84117,4,Available
16,4580 S 2300 E,10.50,Holladay,84117,88,Available
17,3148 S 1100 W,17.00,Salt Lake City,84119,2,Available
18,1488 4800 S,17.00,Salt Lake City,84123,6,Available to 2 only
19,177 W Price Ave,17.00,Salt Lake City,84115,37,Available
20,3595 Main St,10.50,Salt Lake City,84115,37,Available
21,3595 Main St,17.00,Salt Lake City,84115,3,Available
22,6351 South 900 East,17.00,Murray,84121,2,Available
23,5100 South 2700 West,17.00,Salt Lake City,84118,5,Available
24,5025 State St,17.00,Murray,84107,7,Available
25,5383 South 900 East #104,10.50,Salt Lake City,84117,7,Unavailable
26,5383 South 900 East #104,17.00,Salt Lake City,84117,25,Available
27,1060 Dalton Ave S,17.00,Salt Lake City,84104,5,Available
28,2835 Main St,17.00,Salt Lake City,84115,7,Unavailable
29,1330 2100 S,10.50,Salt Lake City,84106,2,Available
30,300 State St,10.50,Salt Lake City,84103,1,Available
31,3365 S 900 W,10.50,Salt Lake City,84119,1,Available
32,3365 S 900 W,17.00,Salt Lake City,84119,1,Unavailable
33,2530 S 500 E,17.00,Salt Lake City,84106,1,Available
34,4580 S 2300 E,10.50,Holladay,84117,2,Available
35,1060 Dalton Ave S,17.00,Salt Lake City,84104,88,Available
36,2300 Parkway Blvd,17.00,West Valley City,84119,88,Available to 2 only
37,410 S State St,10.50,Salt Lake City,84111,2,Available
38,410 S State St,17.00,Salt Lake City,84111,9,Available to 2 only
39,2010 W 500 S,17.00,Salt Lake City,84104,9,Available
40,380 W 2880 S,10.50,Salt Lake City,84115,45,Available